{
    "accuracy": 0.7045454545454546,
    "precision": 0.46,
    "recall": 0.6571428571428571,
    "f1": 0.5411764705882353,
    "confusion_matrix": [
        [
            70,
            27
        ],
        [
            12,
            23
        ]
    ],
    "p": [
        0.26515151515151514,
        0.26717557251908397,
        0.2692307692307692,
        0.2713178294573643,
        0.2734375,
        0.2677165354330709,
        0.2698412698412698,
        0.272,
        0.27419354838709675,
        0.2764227642276423,
        0.27049180327868855,
        0.2727272727272727,
        0.275,
        0.2773109243697479,
        0.2796610169491525,
        0.28205128205128205,
        0.27586206896551724,
        0.2782608695652174,
        0.2807017543859649,
        0.2831858407079646,
        0.2857142857142857,
        0.2882882882882883,
        0.2909090909090909,
        0.29357798165137616,
        0.2962962962962963,
        0.29906542056074764,
        0.3018867924528302,
        0.3047619047619048,
        0.3076923076923077,
        0.3106796116504854,
        0.3137254901960784,
        0.31683168316831684,
        0.32,
        0.32323232323232326,
        0.32653061224489793,
        0.32989690721649484,
        0.3333333333333333,
        0.3368421052631579,
        0.32978723404255317,
        0.3333333333333333,
        0.33695652173913043,
        0.34065934065934067,
        0.34444444444444444,
        0.34831460674157305,
        0.3522727272727273,
        0.3563218390804598,
        0.3488372093023256,
        0.35294117647058826,
        0.35714285714285715,
        0.3614457831325301,
        0.35365853658536583,
        0.35802469135802467,
        0.3625,
        0.35443037974683544,
        0.34615384615384615,
        0.33766233766233766,
        0.34210526315789475,
        0.3466666666666667,
        0.35135135135135137,
        0.3561643835616438,
        0.3611111111111111,
        0.36619718309859156,
        0.37142857142857144,
        0.37681159420289856,
        0.38235294117647056,
        0.3880597014925373,
        0.3939393939393939,
        0.4,
        0.40625,
        0.4126984126984127,
        0.41935483870967744,
        0.4098360655737705,
        0.4166666666666667,
        0.423728813559322,
        0.43103448275862066,
        0.43859649122807015,
        0.44642857142857145,
        0.45454545454545453,
        0.4444444444444444,
        0.4339622641509434,
        0.4423076923076923,
        0.45098039215686275,
        0.46,
        0.46938775510204084,
        0.4791666666666667,
        0.46808510638297873,
        0.45652173913043476,
        0.4444444444444444,
        0.45454545454545453,
        0.46511627906976744,
        0.47619047619047616,
        0.4878048780487805,
        0.5,
        0.48717948717948717,
        0.5,
        0.4864864864864865,
        0.5,
        0.5142857142857142,
        0.5294117647058824,
        0.5151515151515151,
        0.5,
        0.4838709677419355,
        0.5,
        0.5172413793103449,
        0.5357142857142857,
        0.5555555555555556,
        0.5769230769230769,
        0.56,
        0.5416666666666666,
        0.5652173913043478,
        0.5909090909090909,
        0.6190476190476191,
        0.65,
        0.631578947368421,
        0.6111111111111112,
        0.5882352941176471,
        0.625,
        0.6666666666666666,
        0.7142857142857143,
        0.6923076923076923,
        0.6666666666666666,
        0.6363636363636364,
        0.7,
        0.6666666666666666,
        0.625,
        0.5714285714285714,
        0.6666666666666666,
        0.8,
        0.75,
        0.6666666666666666,
        0.5,
        1.0,
        1.0
    ],
    "r": [
        1.0,
        1.0,
        1.0,
        1.0,
        1.0,
        0.9714285714285714,
        0.9714285714285714,
        0.9714285714285714,
        0.9714285714285714,
        0.9714285714285714,
        0.9428571428571428,
        0.9428571428571428,
        0.9428571428571428,
        0.9428571428571428,
        0.9428571428571428,
        0.9428571428571428,
        0.9142857142857143,
        0.9142857142857143,
        0.9142857142857143,
        0.9142857142857143,
        0.9142857142857143,
        0.9142857142857143,
        0.9142857142857143,
        0.9142857142857143,
        0.9142857142857143,
        0.9142857142857143,
        0.9142857142857143,
        0.9142857142857143,
        0.9142857142857143,
        0.9142857142857143,
        0.9142857142857143,
        0.9142857142857143,
        0.9142857142857143,
        0.9142857142857143,
        0.9142857142857143,
        0.9142857142857143,
        0.9142857142857143,
        0.9142857142857143,
        0.8857142857142857,
        0.8857142857142857,
        0.8857142857142857,
        0.8857142857142857,
        0.8857142857142857,
        0.8857142857142857,
        0.8857142857142857,
        0.8857142857142857,
        0.8571428571428571,
        0.8571428571428571,
        0.8571428571428571,
        0.8571428571428571,
        0.8285714285714286,
        0.8285714285714286,
        0.8285714285714286,
        0.8,
        0.7714285714285715,
        0.7428571428571429,
        0.7428571428571429,
        0.7428571428571429,
        0.7428571428571429,
        0.7428571428571429,
        0.7428571428571429,
        0.7428571428571429,
        0.7428571428571429,
        0.7428571428571429,
        0.7428571428571429,
        0.7428571428571429,
        0.7428571428571429,
        0.7428571428571429,
        0.7428571428571429,
        0.7428571428571429,
        0.7428571428571429,
        0.7142857142857143,
        0.7142857142857143,
        0.7142857142857143,
        0.7142857142857143,
        0.7142857142857143,
        0.7142857142857143,
        0.7142857142857143,
        0.6857142857142857,
        0.6571428571428571,
        0.6571428571428571,
        0.6571428571428571,
        0.6571428571428571,
        0.6571428571428571,
        0.6571428571428571,
        0.6285714285714286,
        0.6,
        0.5714285714285714,
        0.5714285714285714,
        0.5714285714285714,
        0.5714285714285714,
        0.5714285714285714,
        0.5714285714285714,
        0.5428571428571428,
        0.5428571428571428,
        0.5142857142857142,
        0.5142857142857142,
        0.5142857142857142,
        0.5142857142857142,
        0.4857142857142857,
        0.45714285714285713,
        0.42857142857142855,
        0.42857142857142855,
        0.42857142857142855,
        0.42857142857142855,
        0.42857142857142855,
        0.42857142857142855,
        0.4,
        0.37142857142857144,
        0.37142857142857144,
        0.37142857142857144,
        0.37142857142857144,
        0.37142857142857144,
        0.34285714285714286,
        0.3142857142857143,
        0.2857142857142857,
        0.2857142857142857,
        0.2857142857142857,
        0.2857142857142857,
        0.2571428571428571,
        0.22857142857142856,
        0.2,
        0.2,
        0.17142857142857143,
        0.14285714285714285,
        0.11428571428571428,
        0.11428571428571428,
        0.11428571428571428,
        0.08571428571428572,
        0.05714285714285714,
        0.02857142857142857,
        0.02857142857142857,
        0.0
    ],