{
    "accuracy": 0.880506329113924,
    "precision": 0.47161572052401746,
    "recall": 0.484304932735426,
    "f1": 0.4778761061946903,
    "confusion_matrix": [
        [
            1631,
            121
        ],
        [
            115,
            108
        ]
    ]
}