{
    "accuracy": 0.6462882096069869,
    "precision": 0.32231404958677684,
    "recall": 0.3277310924369748,
    "f1": 0.325,
    "confusion_matrix": [
        [
            257,
            82
        ],
        [
            80,
            39
        ]
    ]
}