{
    "accuracy": 0.7772151898734178,
    "precision": 0.3093145869947276,
    "recall": 0.7892376681614349,
    "f1": 0.4444444444444444,
    "confusion_matrix": [
        [
            1359,
            393
        ],
        [
            47,
            176
        ]
    ]
}