{
    "accuracy": 0.75,
    "precision": 0.5263157894736842,
    "recall": 0.5714285714285714,
    "f1": 0.547945205479452,
    "confusion_matrix": [
        [
            79,
            18
        ],
        [
            15,
            20
        ]
    ]
}