{
    "accuracy": 0.7348484848484849,
    "precision": 0.5,
    "recall": 0.7428571428571429,
    "f1": 0.5977011494252874,
    "confusion_matrix": [
        [
            71,
            26
        ],
        [
            9,
            26
        ]
    ]
}