{
    "accuracy": 0.6834061135371179,
    "precision": 0.4177215189873418,
    "recall": 0.5546218487394958,
    "f1": 0.47653429602888087,
    "confusion_matrix": [
        [
            247,
            92
        ],
        [
            53,
            66
        ]
    ]
}