{
    "accuracy": 0.47161572052401746,
    "precision": 0.31419939577039274,
    "recall": 0.8739495798319328,
    "f1": 0.4622222222222222,
    "confusion_matrix": [
        [
            112,
            227
        ],
        [
            15,
            104
        ]
    ]
}