{
    "accuracy": 0.8764556962025316,
    "precision": 0.4461538461538462,
    "recall": 0.3901345291479821,
    "f1": 0.4162679425837321,
    "confusion_matrix": [
        [
            1644,
            108
        ],
        [
            136,
            87
        ]
    ]
}