{
    "accuracy": 0.7445414847161572,
    "precision": 0.5151515151515151,
    "recall": 0.2857142857142857,
    "f1": 0.36756756756756753,
    "confusion_matrix": [
        [
            307,
            32
        ],
        [
            85,
            34
        ]
    ]
}