{
    "accuracy": 0.6982278481012658,
    "precision": 0.25492772667542707,
    "recall": 0.8699551569506726,
    "f1": 0.3943089430894308,
    "confusion_matrix": [
        [
            1185,
            567
        ],
        [
            29,
            194
        ]
    ]
}