{
    "accuracy": 0.6746724890829694,
    "precision": 0.40384615384615385,
    "recall": 0.5294117647058824,
    "f1": 0.4581818181818182,
    "confusion_matrix": [
        [
            246,
            93
        ],
        [
            56,
            63
        ]
    ]
}