{
    "accuracy": 0.8237974683544304,
    "precision": 0.3614190687361419,
    "recall": 0.7309417040358744,
    "f1": 0.4836795252225519,
    "confusion_matrix": [
        [
            1464,
            288
        ],
        [
            60,
            163
        ]
    ]
}