{
    "accuracy": 0.8151898734177215,
    "precision": 0.34893617021276596,
    "recall": 0.7354260089686099,
    "f1": 0.4733044733044733,
    "confusion_matrix": [
        [
            1446,
            306
        ],
        [
            59,
            164
        ]
    ]
}