{
    "accuracy": 0.722707423580786,
    "precision": 0.44285714285714284,
    "recall": 0.2605042016806723,
    "f1": 0.328042328042328,
    "confusion_matrix": [
        [
            300,
            39
        ],
        [
            88,
            31
        ]
    ]
}