{
    "accuracy": 0.8911392405063291,
    "precision": 0.5224719101123596,
    "recall": 0.4170403587443946,
    "f1": 0.46384039900249374,
    "confusion_matrix": [
        [
            1667,
            85
        ],
        [
            130,
            93
        ]
    ]
}