{
    "accuracy": 0.8450632911392405,
    "precision": 0.39331619537275064,
    "recall": 0.6860986547085202,
    "f1": 0.5,
    "confusion_matrix": [
        [
            1516,
            236
        ],
        [
            70,
            153
        ]
    ]
}