{
    "accuracy": 0.7045454545454546,
    "precision": 0.45,
    "recall": 0.5142857142857142,
    "f1": 0.48,
    "confusion_matrix": [
        [
            75,
            22
        ],
        [
            17,
            18
        ]
    ],
    "p": [
        0.26515151515151514,
        0.26717557251908397,
        0.2692307692307692,
        0.2713178294573643,
        0.2734375,
        0.2755905511811024,
        0.2777777777777778,
        0.28,
        0.28225806451612906,
        0.2845528455284553,
        0.28688524590163933,
        0.2892561983471074,
        0.2833333333333333,
        0.2857142857142857,
        0.288135593220339,
        0.2905982905982906,
        0.29310344827586204,
        0.2956521739130435,
        0.2982456140350877,
        0.3008849557522124,
        0.29464285714285715,
        0.2972972972972973,
        0.3,
        0.30275229357798167,
        0.3055555555555556,
        0.308411214953271,
        0.3113207547169811,
        0.3142857142857143,
        0.3076923076923077,
        0.3106796116504854,
        0.3137254901960784,
        0.31683168316831684,
        0.32,
        0.32323232323232326,
        0.32653061224489793,
        0.32989690721649484,
        0.3229166666666667,
        0.3263157894736842,
        0.32978723404255317,
        0.3333333333333333,
        0.32608695652173914,
        0.32967032967032966,
        0.3333333333333333,
        0.33707865168539325,
        0.3409090909090909,
        0.3333333333333333,
        0.3372093023255814,
        0.3411764705882353,
        0.34523809523809523,
        0.3493975903614458,
        0.35365853658536583,
        0.35802469135802467,
        0.35,
        0.35443037974683544,
        0.358974358974359,
        0.36363636363636365,
        0.3684210526315789,
        0.36,
        0.36486486486486486,
        0.3698630136986301,
        0.375,
        0.38028169014084506,
        0.38571428571428573,
        0.391304347826087,
        0.39705882352941174,
        0.40298507462686567,
        0.4090909090909091,
        0.4,
        0.390625,
        0.3968253968253968,
        0.4032258064516129,
        0.4098360655737705,
        0.4166666666666667,
        0.4067796610169492,
        0.39655172413793105,
        0.40350877192982454,
        0.4107142857142857,
        0.4,
        0.4074074074074074,
        0.41509433962264153,
        0.4230769230769231,
        0.4117647058823529,
        0.4,
        0.40816326530612246,
        0.4166666666666667,
        0.40425531914893614,
        0.41304347826086957,
        0.4,
        0.4090909090909091,
        0.4186046511627907,
        0.42857142857142855,
        0.43902439024390244,
        0.45,
        0.46153846153846156,
        0.4473684210526316,
        0.4594594594594595,
        0.4722222222222222,
        0.45714285714285713,
        0.47058823529411764,
        0.45454545454545453,
        0.4375,
        0.45161290322580644,
        0.4666666666666667,
        0.4827586206896552,
        0.5,
        0.48148148148148145,
        0.5,
        0.52,
        0.5416666666666666,
        0.5217391304347826,
        0.5,
        0.5238095238095238,
        0.55,
        0.5263157894736842,
        0.5555555555555556,
        0.5294117647058824,
        0.5,
        0.4666666666666667,
        0.5,
        0.5384615384615384,
        0.5,
        0.45454545454545453,
        0.5,
        0.5555555555555556,
        0.625,
        0.7142857142857143,
        0.6666666666666666,
        0.6,
        0.5,
        0.3333333333333333,
        0.5,
        1.0,
        1.0
    ],
    "r": [
        1.0,
        1.0,
        1.0,
        1.0,
        1.0,
        1.0,
        1.0,
        1.0,
        1.0,
        1.0,
        1.0,
        1.0,
        0.9714285714285714,
        0.9714285714285714,
        0.9714285714285714,
        0.9714285714285714,
        0.9714285714285714,
        0.9714285714285714,
        0.9714285714285714,
        0.9714285714285714,
        0.9428571428571428,
        0.9428571428571428,
        0.9428571428571428,
        0.9428571428571428,
        0.9428571428571428,
        0.9428571428571428,
        0.9428571428571428,
        0.9428571428571428,
        0.9142857142857143,
        0.9142857142857143,
        0.9142857142857143,
        0.9142857142857143,
        0.9142857142857143,
        0.9142857142857143,
        0.9142857142857143,
        0.9142857142857143,
        0.8857142857142857,
        0.8857142857142857,
        0.8857142857142857,
        0.8857142857142857,
        0.8571428571428571,
        0.8571428571428571,
        0.8571428571428571,
        0.8571428571428571,
        0.8571428571428571,
        0.8285714285714286,
        0.8285714285714286,
        0.8285714285714286,
        0.8285714285714286,
        0.8285714285714286,
        0.8285714285714286,
        0.8285714285714286,
        0.8,
        0.8,
        0.8,
        0.8,
        0.8,
        0.7714285714285715,
        0.7714285714285715,
        0.7714285714285715,
        0.7714285714285715,
        0.7714285714285715,
        0.7714285714285715,
        0.7714285714285715,
        0.7714285714285715,
        0.7714285714285715,
        0.7714285714285715,
        0.7428571428571429,
        0.7142857142857143,
        0.7142857142857143,
        0.7142857142857143,
        0.7142857142857143,
        0.7142857142857143,
        0.6857142857142857,
        0.6571428571428571,
        0.6571428571428571,
        0.6571428571428571,
        0.6285714285714286,
        0.6285714285714286,
        0.6285714285714286,
        0.6285714285714286,
        0.6,
        0.5714285714285714,
        0.5714285714285714,
        0.5714285714285714,
        0.5428571428571428,
        0.5428571428571428,
        0.5142857142857142,
        0.5142857142857142,
        0.5142857142857142,
        0.5142857142857142,
        0.5142857142857142,
        0.5142857142857142,
        0.5142857142857142,
        0.4857142857142857,
        0.4857142857142857,
        0.4857142857142857,
        0.45714285714285713,
        0.45714285714285713,
        0.42857142857142855,
        0.4,
        0.4,
        0.4,
        0.4,
        0.4,
        0.37142857142857144,
        0.37142857142857144,
        0.37142857142857144,
        0.37142857142857144,
        0.34285714285714286,
        0.3142857142857143,
        0.3142857142857143,
        0.3142857142857143,
        0.2857142857142857,
        0.2857142857142857,
        0.2571428571428571,
        0.22857142857142856,
        0.2,
        0.2,
        0.2,
        0.17142857142857143,
        0.14285714285714285,
        0.14285714285714285,
        0.14285714285714285,
        0.14285714285714285,
        0.14285714285714285,
        0.11428571428571428,
        0.08571428571428572,
        0.05714285714285714,
        0.02857142857142857,
        0.02857142857142857,
        0.02857142857142857,
        0.0
    ],