{
    "accuracy": 0.8830379746835443,
    "precision": 0.4807692307692308,
    "recall": 0.4484304932735426,
    "f1": 0.4640371229698376,
    "confusion_matrix": [
        [
            1644,
            108
        ],
        [
            123,
            100
        ]
    ]
}