{
    "accuracy": 0.7372151898734177,
    "precision": 0.2777777777777778,
    "recall": 0.8295964125560538,
    "f1": 0.41619797525309343,
    "confusion_matrix": [
        [
            1271,
            481
        ],
        [
            38,
            185
        ]
    ]
}