{
    "accuracy": 0.6818181818181818,
    "precision": 0.40540540540540543,
    "recall": 0.42857142857142855,
    "f1": 0.4166666666666667,
    "confusion_matrix": [
        [
            75,
            22
        ],
        [
            20,
            15
        ]
    ]
}