{
    "accuracy": 0.8987341772151899,
    "precision": 0.5851851851851851,
    "recall": 0.3542600896860987,
    "f1": 0.44134078212290506,
    "confusion_matrix": [
        [
            1696,
            56
        ],
        [
            144,
            79
        ]
    ]
}