{
    "accuracy": 0.5909090909090909,
    "precision": 0.3333333333333333,
    "recall": 0.5428571428571428,
    "f1": 0.4130434782608695,
    "confusion_matrix": [
        [
            59,
            38
        ],
        [
            16,
            19
        ]
    ]
}