{
    "accuracy": 0.8359493670886076,
    "precision": 0.38004750593824227,
    "recall": 0.7174887892376681,
    "f1": 0.4968944099378881,
    "confusion_matrix": [
        [
            1491,
            261
        ],
        [
            63,
            160
        ]
    ]
}